[{"name":"theme_info","theme_name":"Zeexo","theme_author":"ArenaTheme","theme_version":"1.3","theme_documentation_url":"https:\/\/help.arenacommerce.com\/","theme_support_url":"https:\/\/support.arenathemes.com\/"},{"name":"Admin Helper","settings":[{"type":"checkbox","id":"enabled_admin_helper","label":"Enabled Admin helper","default":true},{"type":"paragraph","content":"Install [Arena Extension](https:\/\/chrome.google.com\/webstore\/detail\/arena-shopify-admin-exten\/acjopnffmehbackaohjjnpnnnocfcmnf)"},{"type":"paragraph","content":"[Need help?](https:\/\/help.arenacommerce.com)"}]},{"name":"Application Integration","settings":[{"type":"header","content":"Wishlist & Compare"},{"type":"paragraph","content":"[Wishlist Compare app](http:\/\/wishlist.arenacommerce.com\/install)"},{"type":"paragraph","content":"[Install Growave app with 50% discount](http:\/\/apps.shopify.com\/growave)"},{"type":"select","id":"product_wishlist_option","label":"Wishlist options","options":[{"value":"wishlist-compare","label":"Wishlist Compare app"},{"value":"growave","label":"Growave"},{"value":"disable","label":"Disable"}],"default":"disable"},{"type":"checkbox","id":"enable_product_compare","label":"Enable Compare","default":false,"info":"After activation, you will need to install the [ Wishlist & Compare ](http:\/\/wishlist.arenacommerce.com\/install) app"},{"type":"header","content":"Google Map"},{"type":"text","id":"gg_map_api","label":"API Key","placeholder":"E.g: AIzaSyD3IQEms********","info":"[How to get API key?](https:\/\/arenathemes.freshdesk.com\/support\/solutions\/articles\/6000209417-creating-a-google-maps-api-key)"},{"type":"header","content":"Product Review"},{"type":"select","id":"product_review_option","label":"Product review options","options":[{"value":"shopify-review","label":"Product Reviews"},{"value":"loox","label":"Loox ‑ Photo Reviews"},{"value":"growave","label":"Growave"},{"value":"none","label":"None"}],"default":"shopify-review"},{"type":"paragraph","content":"[Install Product Reviews app](http:\/\/apps.shopify.com\/product-reviews)"},{"type":"paragraph","content":"[Install Loox ‑ Photo Reviews app](http:\/\/loox.io\/app\/Arena)"},{"type":"header","content":"Search Box"},{"type":"select","id":"show_search","label":"Show Search Box","default":"header","options":[{"value":"header","label":"Header"},{"value":"slideshow","label":"Slideshow"},{"value":"none","label":"None"}]},{"type":"select","id":"ajax_search","label":"Auto Suggestion Search by","default":"default-theme","options":[{"value":"default-theme","label":"Default"},{"value":"smart","label":"Smart Search app"},{"value":"none","label":"None"}]},{"type":"paragraph","content":"If you select Smart Search app, please [Register Here](http:\/\/www.searchanise.com\/get\/arenacommerce)"},{"type":"select","id":"search_alignment","label":"Alignment","default":"right","options":[{"value":"center","label":"Center"},{"value":"right","label":"Right"}]},{"type":"checkbox","id":"search_border_radius","label":"Border radius"},{"type":"header","content":"Weglot setting"},{"type":"paragraph","content":"Make your website multilingual. Translation API that integrates seamlessly into your website and delivers it in any languages. [Register Here](https:\/\/weglot.com\/)"},{"type":"paragraph","content":"Go to [Translations](https:\/\/dashboard.weglot.com\/translations\/)"},{"type":"paragraph","content":"Go to [Visual Editor](https:\/\/dashboard.weglot.com\/visual-editor\/home)"},{"type":"text","id":"api_translate","label":"Weglot API Key","info":"[How to get api key](https:\/\/www.arenacommerce.com\/blogs\/news\/how-to-get-weglot-api-key)"},{"type":"checkbox","id":"auto_switch","label":"Auto Switch","default":true},{"type":"text","id":"weglot_language_fallback","label":"Origin language","placeholder":"E.g: en","default":"en","info":"Use Language codes, can reference the following [link](https:\/\/weglot.com\/documentation\/available-languages)"},{"type":"checkbox","id":"gg_with_name","label":"Show Language name","default":true},{"type":"checkbox","id":"gg_full_name","label":"Full Language name"},{"type":"select","id":"weglot_flag_style","label":"Flags style","default":"none","options":[{"value":"none","label":"No Flags"},{"value":"shiny","label":"Shiny"},{"value":"square","label":"Square"},{"value":"circle","label":"Circle"},{"value":"rectangle_mat","label":"Rectangle mat"}]}]},{"name":"Multi-Currency","settings":[{"type":"select","id":"currency_type","label":"Source","options":[{"value":"1","label":"Multiple Currencies By Shopify"},{"value":"2","label":"Multiple Currencies By Arenacommerce"},{"value":"3","label":"Disable"}],"default":"1","info":"Multiple Currencies By Shopify only available for stores using Shopify Payments. Please refer to [enabled selling in multiple currencies](https:\/\/help.shopify.com\/\/en\/manual\/payments\/shopify-payments\/multi-currency\/setup)"},{"type":"checkbox","id":"auto_currency","label":"Auto Currency Switcher On Customer Location","info":"Go to 'Currencies to support' field to add your currencies"},{"type":"select","id":"currency_code","label":"Select type to show","options":[{"value":"code","label":"Currency code"},{"value":"symbol","label":"Currency symbol"},{"value":"both","label":"Both"}],"default":"code"},{"type":"header","content":"Multiple Currencies By Arenacommerce","info":"Please refer to [Configure Currency](https:\/\/https:\/\/help.arenacommerce.com\/\/\/installation\/#configure-currency)"},{"type":"select","id":"currency_format","label":"Money Format","options":[{"value":"money_format","label":"Without Currency, ex: $10.00"},{"value":"money_with_currency_format","label":"With Currency, ex: $10 CAD"}]},{"type":"text","id":"default_currency","label":"Default Currency"},{"type":"text","id":"supported_currencies","label":"Currencies to support"},{"type":"paragraph","content":"Separate your currency codes with a space. Use the ISO 4217 3-letter currency code. [Click here](http:\/\/www.xe.com\/iso4217.php) for a complete list of currency codes. Example: CAD USD."}]},{"name":"General Settings","settings":[{"type":"header","content":"Performance"},{"type":"checkbox","id":"use_lazyload","label":"Enable Lazy loading images","default":true},{"type":"header","content":"Layout"},{"type":"select","id":"template_skin","label":"Template Skins","options":[{"value":"fashion","label":"Fashion"},{"value":"modern","label":"Modern"},{"value":"simple","label":"Simple"},{"value":"clean","label":"Clean"},{"value":"jewelry","label":"Jewelry"},{"value":"glasses","label":"Glasses"},{"value":"furniture","label":"Furniture"},{"value":"market-light","label":"Market Light"},{"value":"market-gray","label":"Market Gray"},{"value":"tools","label":"Tools"},{"value":"cosmetics","label":"Cosmetics"},{"value":"carparts","label":"Carparts"}]},{"type":"select","id":"general_placement","label":"Layout Mode","options":[{"value":"boxed","label":"Boxed"},{"value":"wide","label":"Wide"},{"value":"wide-padding","label":"Wide padding"}]},{"type":"select","id":"container_width_type","label":"Container width","options":[{"value":"auto","label":"Default"},{"value":"manually","label":"Manually"}],"default":"auto"},{"type":"range","id":"container_width","label":"Manually container width","min":1140,"max":1630,"step":10,"default":1200,"unit":"px"},{"type":"select","id":"rtl_layout","label":"RTL Layout","options":[{"value":"auto","label":"Auto detect location"},{"value":"manually","label":"Default direction to RTL"},{"value":"disable","label":"Disable"}],"default":"auto"},{"type":"checkbox","id":"header_left","label":"Enable Header Left Column"},{"type":"checkbox","id":"show_back_to_top","label":"Button Back To Top","default":true},{"type":"checkbox","id":"icon_btn_banner","label":"Show icon on Banner button"},{"type":"header","content":"Background Body Page","info":"Image only for layout mode is Boxed"},{"type":"select","id":"boxed_mode_bg","options":[{"value":"image","label":"Image"},{"value":"color","label":"Color"}],"default":"color"},{"type":"image","id":"body_bg_image.jpg","label":"Background image"},{"type":"color","id":"body_bg_color","label":"Background color"},{"type":"header","content":"Static Sections"},{"type":"checkbox","id":"announcement_bar","label":"Announcement Bar","default":true},{"type":"checkbox","id":"notice_bar","label":"Notice Bar","default":true},{"type":"checkbox","id":"show_left_column","label":"Show left column"},{"type":"checkbox","id":"mobile_department","label":"Mobile Department","default":true},{"type":"checkbox","id":"newsletter_popup","label":"Newsletter Popup","default":true},{"type":"checkbox","id":"footer_slideshow","label":"Add Slideshow section to Footer"},{"type":"checkbox","id":"footer_banner","label":"Add Banner section below Footer"},{"type":"header","content":"Static Sections on Subpages"},{"type":"checkbox","id":"ss_product_tab_subpage","label":"Section Product Tabs","info":"Product Pages and Category Top Page"},{"type":"checkbox","id":"ss_instagram_subpage","label":"Section Instagram"},{"type":"checkbox","id":"ss_newsletter_subpage","label":"Section Newsletter"},{"type":"checkbox","id":"ss_logo_list_subpage","label":"Section Logo List"},{"type":"header","content":"Breadcrumb"},{"type":"checkbox","id":"breadcrumb_mobile","label":"Show Breadcrumb on mobile","default":true},{"type":"checkbox","id":"breadcrumb_alignment","label":"Alignment center"},{"type":"select","id":"breadcrumb_styles","label":"Breadcrumb Styles","options":[{"value":"image","label":"Image"},{"value":"color","label":"Color"},{"value":"none","label":"None"}],"default":"image"},{"type":"image","id":"breadcrumb_bg.jpg","label":"Background image","info":"The width of image is 1920 pixel. Only for the templates are customers or page. For other templates, please upload in Sections"},{"type":"color","id":"breadcrumb_bg_color","label":"Background color","default":"#ffffff"},{"type":"range","id":"breadcrumb_height","label":"Height","min":100,"max":500,"step":5,"default":100,"unit":"px"},{"type":"header","content":"Shop"},{"type":"checkbox","id":"catalog_mode","label":"Enable Catalog Mode"},{"type":"checkbox","id":"disable_ajax_cart","label":"Disable Ajax Cart"},{"type":"select","id":"cart_styles","label":"Cart Type on Desktop","options":[{"value":"dropdown","label":"Drop Down"},{"value":"sidebar","label":"Cart Drawer"}],"default":"dropdown"},{"type":"checkbox","id":"enable_free_shipping","label":"Display messages to remind free shipping offer","default":true},{"type":"text","id":"free_shipping_price","label":"Free shipping total cart require","default":"500","info":"Only insert number. E.g 500"},{"type":"header","content":"Mobile Bar"},{"type":"select","id":"mobile_bar","label":"Position","default":"inside","options":[{"value":"inside","label":"Inside hamburger menu"},{"value":"outside","label":"Outside hamburger menu"}]},{"type":"header","content":"Collection Page"},{"type":"select","id":"mode_view_default","label":"Mode view default","options":[{"value":"cata-grid-5","label":"Grid 5"},{"value":"cata-grid-4","label":"Grid 4"},{"value":"cata-grid-3","label":"Grid 3"},{"value":"cata-grid-2","label":"Grid 2 version 1"},{"value":"show_product_vendor","label":"Grid 2 version 2"},{"value":"cata-grid-1","label":"List version 1"},{"value":"cata-grid-1-v2","label":"List version 2"}],"default":"cata-grid-4"},{"type":"header","content":"Collection promo without sidebar"},{"type":"checkbox","id":"show_logo_list_section_subcollections","label":"Show Logo List section","default":true},{"type":"header","content":"Category top page"},{"type":"checkbox","id":"show_blog_ct_section","label":"Show Blog section"},{"type":"header","content":"Product page"},{"type":"select","id":"product_template_default","label":"Template default","options":[{"value":"default","label":"Default"},{"value":"2","label":"Product V2"},{"value":"3","label":"Product V3"},{"value":"4","label":"Product V4"},{"value":"5","label":"Product V5"},{"value":"6","label":"Product V6"},{"value":"7","label":"Product V7"},{"value":"8","label":"Product V8"},{"value":"bundle","label":"Bundle"},{"value":"redirect","label":"Redirect"}],"default":"default"},{"type":"checkbox","id":"show_add_to_cart_sticky","label":"Sticky Add to cart on Mobile","default":true},{"type":"header","content":"About us page"},{"type":"checkbox","id":"show_collection_list_section","label":"Show Collection List section"},{"type":"checkbox","id":"show_blog_section","label":"Show Blog section","default":true},{"type":"checkbox","id":"show_testimonial_section","label":"Show Testimonial section","default":true},{"type":"checkbox","id":"ss_service_bar_subpage","label":"Section Service Bar"},{"type":"header","content":"Carousel Next-Prev button"},{"type":"checkbox","id":"right_position","label":"Right position"},{"type":"header","content":"Button style"},{"type":"checkbox","id":"btn_round","label":"Round"},{"type":"header","content":"EU Cookie Policy"},{"type":"checkbox","id":"show_cookie_policy","label":"EU Cookie Policy","default":true,"info":"All cookie text could be found on Edit Languages > General > Cookie"},{"type":"checkbox","id":"cookie_auto_detect","label":"EU Cookie AutoDetect","default":true},{"type":"select","id":"eu_cookie_position","label":"Position","options":[{"value":"bottom","label":"Bottom"},{"value":"top","label":"Top"},{"value":"bottom-left","label":"Floating left"},{"value":"bottom-right","label":"Floating right"}],"default":"bottom"},{"type":"text","id":"eu_policy_link","label":"Link to own policy"},{"type":"color","id":"eu_background_color","label":"Background color"},{"type":"color","id":"eu_text_color","label":"Text color","default":"#ffffff"},{"type":"color","id":"eu_button_bg","label":"Button background color","default":"#f0002f"},{"type":"color","id":"eu_button_text_color","label":"Button text color","default":"#000000"}]},{"name":"Typography","settings":[{"type":"header","content":"Font weight"},{"type":"range","id":"font_weight","default":600,"min":100,"max":700,"step":100},{"type":"header","content":"Header Font"},{"type":"select","id":"header_font_type","label":"Font Type","default":"shopify","options":[{"value":"shopify","label":"Shopify"},{"value":"google","label":"Google"}]},{"type":"font_picker","id":"header_font_1","label":"Shopify Font","default":"open_sans_n4"},{"type":"text","id":"header_google_font_1","label":"Google Font","default":"Barlow"},{"type":"header","content":"Header Font Size"},{"type":"range","id":"heading_size_1","label":"Heading 1","default":36,"min":20,"max":40,"step":1,"unit":"px"},{"type":"range","id":"heading_size_2","label":"Heading 2","default":30,"min":20,"max":40,"step":1,"unit":"px"},{"type":"range","id":"heading_size_3","label":"Heading 3","default":22,"min":10,"max":30,"step":1,"unit":"px"},{"type":"range","id":"heading_size_4","label":"Heading 4","default":18,"min":10,"max":30,"step":1,"unit":"px"},{"type":"range","id":"heading_size_5","label":"Heading 5","default":16,"min":10,"max":30,"step":1,"unit":"px"},{"type":"range","id":"heading_size_6","label":"Heading 6","default":14,"min":10,"max":20,"step":1,"unit":"px"},{"type":"header","content":"Body Font"},{"type":"select","id":"general_font_type","label":"Font Type","default":"shopify","options":[{"value":"shopify","label":"Shopify"},{"value":"google","label":"Google"}]},{"type":"font_picker","id":"general_font_1","label":"Shopify Font","default":"open_sans_n4"},{"type":"text","id":"general_google_font_1","label":"Google Font","default":"Barlow"},{"type":"header","content":"Body Font Size"},{"type":"range","id":"body_font_size","label":"Body","default":14,"min":10,"max":20,"step":1,"unit":"px"},{"type":"range","id":"top_bar_size","label":"Top Bar","default":13,"min":10,"max":20,"step":1,"unit":"px"},{"type":"range","id":"product_title_size","label":"Product item title","default":14,"min":10,"max":20,"step":1,"unit":"px"},{"type":"range","id":"product_price_size","label":"Product item price","default":20,"min":10,"max":30,"step":1,"unit":"px"},{"type":"range","id":"product_detail_title_size","label":"Product title","default":25,"min":10,"max":40,"step":1,"unit":"px"},{"type":"range","id":"nav_size","label":"Navigation","default":14,"min":10,"max":20,"step":1,"unit":"px"},{"type":"range","id":"nav_header_sub_size","label":"Navigation dropdown heading","default":14,"min":10,"max":20,"step":1,"unit":"px"},{"type":"range","id":"nav_sub_size","label":"Navigation dropdown content","default":14,"min":10,"max":20,"step":1,"unit":"px"},{"type":"range","id":"button_size","label":"Button","default":16,"min":13,"max":18,"step":1,"unit":"px"}]},{"name":"Icon","settings":[{"type":"header","content":"Favicon"},{"type":"image_picker","id":"favicon"},{"type":"header","content":"Loading icon"},{"type":"image","id":"loading.gif"},{"type":"header","content":"GENERAL ICON SETTINGS","info":"Phone number icon, Account icon, search icon, cart icon, etc..."},{"type":"header","content":"Phone number icon"},{"type":"select","id":"phone_icon_type","label":"Icon type","options":[{"value":"font-icon","label":"Font icon"},{"value":"image","label":"Image"}],"default":"font-icon"},{"type":"text","id":"phone_font_icon","label":"Font icon name","default":"icon-phone","info":"Default is icon-phone"},{"type":"image_picker","id":"phone_icon","label":"Image","info":"Image size is 20x20 pixels"},{"type":"header","content":"Email icon"},{"type":"select","id":"email_icon_type","label":"Icon type","options":[{"value":"font-icon","label":"Font icon"},{"value":"image","label":"Image"}],"default":"font-icon"},{"type":"text","id":"email_font_icon","label":"Font icon name","default":"icon-mail","info":"Default is icon-email"},{"type":"image_picker","id":"email_icon","label":"Image","info":"Image size is 20x20 pixels"},{"type":"header","content":"Account icon"},{"type":"select","id":"account_icon_type","label":"Icon type","options":[{"value":"font-icon","label":"Font icon"},{"value":"image","label":"Image"}],"default":"font-icon"},{"type":"text","id":"account_font_icon","label":"Font icon name","default":"icon-user","info":"Default is icon-user"},{"type":"image_picker","id":"account_icon","label":"Image","info":"Image size is 20x20 pixels"},{"type":"header","content":"Search icon"},{"type":"select","id":"search_icon_type","label":"Icon type","options":[{"value":"font-icon","label":"Font icon"},{"value":"image","label":"Image"}],"default":"font-icon"},{"type":"text","id":"search_font_icon","label":"Font icon name","default":"icon-search-3","info":"Default is icon-search-3"},{"type":"image_picker","id":"search_icon","label":"Image","info":"Image size is 20x20 pixels"},{"type":"header","content":"Cart icon"},{"type":"select","id":"cart_icon_type","label":"Icon type","options":[{"value":"font-icon","label":"Font icon"},{"value":"image","label":"Image"}],"default":"font-icon"},{"type":"text","id":"cart_font_icon","label":"Font icon name","default":"icon-shopping-basket","info":"Default is icon-shopping-basket"},{"type":"image_picker","id":"cart_icon","label":"Image","info":"Image size is 20x20 pixels"},{"type":"header","content":"Quick view icon"},{"type":"text","id":"qw_font_icon","label":"Font icon name","default":"icon-search","info":"Default is icon-search"},{"type":"header","content":"Social Sharing"},{"type":"checkbox","id":"show_social_sharing_product","label":"Social Sharing on Product page","default":true},{"type":"textarea","id":"share_js","label":"Share buttons code","info":"Please go to [https:\/\/sharethis.com\/](https:\/\/sharethis.com) to get code"},{"type":"header","content":"Social icon 01"},{"type":"select","id":"social_icon_type_1","label":"Icon type","options":[{"value":"font-icon","label":"Font icon"},{"value":"image","label":"Image"},{"value":"none","label":"None"}],"default":"font-icon"},{"type":"text","id":"social_font_icon_1","label":"Font icon name","default":"icon-facebook","info":"Default is icon-facebook"},{"type":"image_picker","id":"social_icon_1","label":"Image","info":"Image size is 20x20 pixels"},{"type":"text","id":"social_icon_title_1","label":"Title","default":"Facebook"},{"type":"url","id":"social_icon_link_1","label":"Link to"},{"type":"header","content":"Social icon 02"},{"type":"select","id":"social_icon_type_2","label":"Icon type","options":[{"value":"font-icon","label":"Font icon"},{"value":"image","label":"Image"},{"value":"none","label":"None"}],"default":"font-icon"},{"type":"text","id":"social_font_icon_2","label":"Font icon name","default":"icon-twitter","info":"Default is icon-twitter"},{"type":"image_picker","id":"social_icon_2","label":"Image","info":"Image size is 20x20 pixels"},{"type":"text","id":"social_icon_title_2","label":"Title","default":"Twitter"},{"type":"url","id":"social_icon_link_2","label":"Link to"},{"type":"header","content":"Social icon 03"},{"type":"select","id":"social_icon_type_3","label":"Icon type","options":[{"value":"font-icon","label":"Font icon"},{"value":"image","label":"Image"},{"value":"none","label":"None"}],"default":"font-icon"},{"type":"text","id":"social_font_icon_3","label":"Font icon name","default":"icon-instagram","info":"Default is icon-instagram"},{"type":"image_picker","id":"social_icon_3","label":"Image","info":"Image size is 20x20 pixels"},{"type":"text","id":"social_icon_title_3","label":"Title","default":"Instagram"},{"type":"url","id":"social_icon_link_3","label":"Link to"},{"type":"header","content":"Social icon 04"},{"type":"select","id":"social_icon_type_4","label":"Icon type","options":[{"value":"font-icon","label":"Font icon"},{"value":"image","label":"Image"},{"value":"none","label":"None"}],"default":"font-icon"},{"type":"text","id":"social_font_icon_4","label":"Font icon name","default":"icon-pinterest-circled","info":"Default is icon-pinterest-circled"},{"type":"image_picker","id":"social_icon_4","label":"Image","info":"Image size is 20x20 pixels"},{"type":"text","id":"social_icon_title_4","label":"Title","default":"Pinterest"},{"type":"url","id":"social_icon_link_4","label":"Link to"},{"type":"header","content":"Social icon 05"},{"type":"select","id":"social_icon_type_5","label":"Icon type","options":[{"value":"font-icon","label":"Font icon"},{"value":"image","label":"Image"},{"value":"none","label":"None"}],"default":"font-icon"},{"type":"text","id":"social_font_icon_5","label":"Font icon name","default":"icon-rss-1","info":"Default is icon-rss-1"},{"type":"image_picker","id":"social_icon_5","label":"Image","info":"Image size is 20x20 pixels"},{"type":"text","id":"social_icon_title_5","label":"Title","default":"RSS"},{"type":"text","id":"social_icon_link_5","label":"Link to"},{"type":"header","content":"Social icon 06"},{"type":"select","id":"social_icon_type_6","label":"Icon type","options":[{"value":"font-icon","label":"Font icon"},{"value":"image","label":"Image"},{"value":"none","label":"None"}],"default":"font-icon"},{"type":"text","id":"social_font_icon_6","label":"Font icon name","default":"icon-flickr","info":"Default is icon-flickr"},{"type":"image_picker","id":"social_icon_6","label":"Image","info":"Image size is 20x20 pixels"},{"type":"text","id":"social_icon_title_6","label":"Title","default":"Flickr"},{"type":"url","id":"social_icon_link_6","label":"Link to"},{"type":"header","content":"Social icon 07"},{"type":"select","id":"social_icon_type_7","label":"Icon type","options":[{"value":"font-icon","label":"Font icon"},{"value":"image","label":"Image"},{"value":"none","label":"None"}],"default":"font-icon"},{"type":"text","id":"social_font_icon_7","label":"Font icon name","default":"icon-dribbble-1","info":"Default is icon-dribbble-1"},{"type":"image_picker","id":"social_icon_7","label":"Image","info":"Image size is 20x20 pixels"},{"type":"text","id":"social_icon_title_7","label":"Title","default":"Dribbble"},{"type":"url","id":"social_icon_link_7","label":"Link to"},{"type":"header","content":"Social icon 08"},{"type":"select","id":"social_icon_type_8","label":"Icon type","options":[{"value":"font-icon","label":"Font icon"},{"value":"image","label":"Image"},{"value":"none","label":"None"}],"default":"font-icon"},{"type":"text","id":"social_font_icon_8","label":"Font icon name","default":"icon-linkedin","info":"Default is icon-linkedin"},{"type":"image_picker","id":"social_icon_8","label":"Image","info":"Image size is 20x20 pixels"},{"type":"text","id":"social_icon_title_8","label":"Title","default":"Linkedin"},{"type":"url","id":"social_icon_link_8","label":"Link to"}]},{"name":"Colors","settings":[{"type":"header","content":"Top Bar color"},{"type":"color","id":"topbar_bg_color","label":"Background","default":"#ffffff"},{"type":"color","id":"topbar_text_color","label":"Text","default":"#334141"},{"type":"color","id":"topbar_miscellaneous_text_color","label":"Miscellaneous text","default":"#06bec7"},{"type":"header","content":"Header color"},{"type":"color","id":"header_bg_color","label":"Background","default":"#ffffff"},{"type":"color","id":"header_text_color","label":"Icon","default":"#334141"},{"type":"color","id":"header_icon_color","label":"Background number on icon","default":"#000000","info":"(Account, Wishlist, Compare)"},{"type":"color","id":"header_number_on_icon_color","label":"Number on icon","default":"#000000"},{"type":"header","content":"Header color Mobile"},{"type":"color","id":"header_bg_mobile_color","label":"Background","default":"#ffffff"},{"type":"color","id":"header_text_mobile_color","label":"Icon","default":"#334141"},{"type":"color","id":"header_icon_mobile_color","label":"Background number on icon","default":"#000000","info":"(Account, Wishlist, Compare)"},{"type":"color","id":"header_number_on_icon_mobile_color","label":"Number on icon","default":"#000000"},{"type":"header","content":"Search"},{"type":"color","id":"header_search_bg","label":"Background","default":"#00379a"},{"type":"color","id":"header_search_text","label":"Text","default":"#000000"},{"type":"color","id":"header_search_icon","label":"Icon","default":"#000000"},{"type":"header","content":"Shopping cart"},{"type":"color","id":"header_cart_icon_color","label":"Icon","default":"#000000"},{"type":"color","id":"header_cart_bg_icon_color","label":"Background number on icon","default":"#000000"},{"type":"header","content":"Body Color"},{"type":"color","id":"main_color","label":"Main color","default":"#06bec7"},{"type":"color","id":"border_color","label":"Main border","default":"#06bec7"},{"type":"color","id":"secondary_border_color","label":"Secondary border","default":"#06bec7"},{"type":"color","id":"body_bg","label":"Background"},{"type":"color","id":"body_general_color","label":"Text"},{"type":"color","id":"body_title_color","label":"Heading"},{"type":"color","id":"body_link_color","label":"Link"},{"type":"color","id":"body_link_color_hover","label":"Link hover"},{"type":"color","id":"input_bg","label":"Background input","default":"#e6e6e6"},{"type":"color","id":"input_color","label":"Input color","default":"#000000"},{"type":"header","content":"Shop color"},{"type":"color","id":"rating_color","label":"Rating","default":"#06bec7"},{"type":"color","id":"rating_color_empty","label":"Rating empty","default":"#3f394c"},{"type":"color","id":"product_price_color","label":"Product price","default":"#ffffff"},{"type":"color","id":"product_price_compare_color","label":"Product price compare","default":"#ffffff"},{"type":"color","id":"product_price_sale","label":"Product price sale","default":"#ffffff"},{"type":"color","id":"countdown_color","label":"Countdown number","default":"#06bec7"},{"type":"color","id":"countdown_text_color","label":"Countdown text","default":"#06bec7"},{"type":"header","content":"Shop Label Color"},{"type":"color","id":"product_text_label_color","label":"Text","default":"#ffffff"},{"type":"color","id":"product_saleoff_label_bg","label":"Sale label background","default":"#ffffff"},{"type":"color","id":"product_new_label_bg","label":"New label background","default":"#ffffff"},{"type":"color","id":"product_hot_label_bg","label":"Hot label background","default":"#ffffff"},{"type":"color","id":"product_out_stock_label_bg","label":"Out of Stock label background","default":"#ffffff"},{"type":"header","content":"Navigation mobile"},{"type":"color","id":"nav_bg_mobile","label":"Background mobile","default":"#ffffff"},{"type":"color","id":"nav_link_mobile_color","label":"Link","default":"#000000"},{"type":"header","content":"Navigation"},{"type":"color","id":"nav_bg","label":"Background","default":"#ffffff"},{"type":"color","id":"nav_border","label":"Border"},{"type":"color","id":"heading_mm__color","label":"Column heading - Mega Menu","default":"#000000"},{"type":"color","id":"nav_link_color","label":"Link"},{"type":"color","id":"nav_hover_color","label":"Link Hover"},{"type":"color","id":"dropdown_bg_color","label":"Background in dropdown"},{"type":"color","id":"dropdown_item_color","label":"Link in dropdown"},{"type":"color","id":"dropdown_item_color_hover","label":"Link hover in dropdown"},{"type":"header","content":"Vertical Navigation color"},{"type":"color","id":"vertical_header_nav_text","label":"Header text","default":"#ffffff"},{"type":"color","id":"vertical_header_nav_bg","label":"Header background","default":"#0046c3"},{"type":"color","id":"vertical_nav_bg","label":"Background","default":"#ffffff"},{"type":"color","id":"vertical_nav_border","label":"Border"},{"type":"color","id":"vertical_nav_link_color","label":"Link"},{"type":"color","id":"vertical_nav_hover_color","label":"Link Hover"},{"type":"header","content":"Navigation label color"},{"default":"#ffffff","id":"menu_label_color","label":"Sale label","type":"color"},{"default":"#4cd964","id":"menu_sale_label_bg","label":"Sale label background","type":"color"},{"default":"#ffffff","id":"menu_new_label_color","label":"New label","type":"color"},{"default":"#007aff","id":"menu_new_label_bg","label":"New label background","type":"color"},{"default":"#ffffff","id":"menu_hot_label_color","label":"Hot label","type":"color"},{"default":"#ff3b30","id":"menu_hot_label_bg","label":"Hot label background","type":"color"},{"type":"header","content":"Footer color"},{"type":"color","id":"footer_bg","label":"Background","default":"#ffffff"},{"type":"color","id":"footer_heading_color","label":"Heading","default":"#ffffff"},{"type":"color","id":"footer_text_color","label":"Text","default":"#ffffff"},{"type":"color","id":"footer_color","label":"Link","default":"#ffffff"},{"type":"color","id":"footer_color_hover","label":"Link hover","default":"#ffffff"},{"type":"color","id":"footer_bg_copyright","label":"Copyright background","default":"#eaeaea"},{"type":"color","id":"footer_color_copyright","label":"Copyright text","default":"#333e48"},{"type":"header","content":"Carousel buttons"},{"type":"color","id":"btn_carousel_bg","label":"Background"},{"type":"color","id":"btn_carousel_txt","label":"Icon","default":"#000000"},{"type":"color","id":"btn_carousel_border","label":"Border"},{"type":"color","id":"btn_carousel_bg_hover","label":"Background hover"},{"type":"color","id":"btn_carousel_txt_hover","label":"Icon hover","default":"#000000"},{"type":"color","id":"btn_carousel_border_hover","label":"Border hover"},{"type":"header","content":"Primary button"},{"type":"color","id":"btn1_bg","label":"Background","default":"#ffffff"},{"type":"color","id":"btn1_txt","label":"Text","default":"#ffffff"},{"type":"color","id":"btn1_border","label":"Border","default":"#ffffff"},{"type":"color","id":"btn1_bg_hover","label":"Background hover","default":"#ffffff"},{"type":"color","id":"btn1_txt_hover","label":"Text hover","default":"#ffffff"},{"type":"color","id":"btn1_border_hover","label":"Border hover","default":"#ffffff"},{"type":"header","content":"Secondary button"},{"type":"color","id":"btn2_bg","label":"Background","default":"#ffffff"},{"type":"color","id":"btn2_txt","label":"Text","default":"#ffffff"},{"type":"color","id":"btn2_border","label":"Border","default":"#ffffff"},{"type":"color","id":"btn2_bg_hover","label":"Background hover","default":"#ffffff"},{"type":"color","id":"btn2_txt_hover","label":"Text hover","default":"#ffffff"},{"type":"color","id":"btn2_border_hover","label":"Border hover","default":"#ffffff"},{"type":"header","content":"Tertiary button"},{"type":"color","id":"btn3_bg","label":"Background","default":"#ffffff"},{"type":"color","id":"btn3_txt","label":"Text","default":"#ffffff"},{"type":"color","id":"btn3_border","label":"Border","default":"#ffffff"},{"type":"color","id":"btn3_bg_hover","label":"Background hover","default":"#ffffff"},{"type":"color","id":"btn3_txt_hover","label":"Text hover","default":"#ffffff"},{"type":"color","id":"btn3_border_hover","label":"Border hover","default":"#ffffff"}]},{"name":"Fomo Popups","settings":[{"type":"paragraph","content":"Fomo Popups display real-time customer activity notifications on your store. You can use it as a Social Proof Markteting Tool to Boost Conversions"},{"type":"header","content":"Sales Notification Popups","info":"Template: Line 1:'Some one in' {Random City} {Random Text}. Line 2: {Random Products}. Line 3: {Random Number} {Random Text}"},{"default":"bottom left","id":"noti_product_position","label":"Popup Position","options":[{"label":"Bottom Left","value":"bottom left"},{"label":"Bottom Right","value":"bottom right"},{"label":"Top Right","value":"top right"},{"label":"Top Left","value":"top left"}],"type":"select"},{"type":"checkbox","id":"enable_notify_home_page","label":"Show On Home Page","default":true},{"type":"checkbox","id":"enable_notify_product_page","label":"Show On Product Page","default":true},{"type":"checkbox","id":"enable_notify_collection_page","label":"Show On Collection Page","default":true},{"type":"checkbox","id":"hide_notify_mobile","label":"Hide on Mobile Device","default":false},{"type":"select","id":"notify_location","label":"Line 1: Random City base on","options":[{"value":"1","label":"Customer Location Geo IP - Lists of cities by country"},{"value":"2","label":"Manual Cities List"},{"value":"3","label":"Combine both lists above"}],"default":"3"},{"type":"textarea","id":"sell_country","label":"Manual Cities List","default":"New York","info":"To use multiple values please add a separator ;. E.g: New York;London"},{"type":"text","id":"sell_text2","label":"Line 1: Random Text","default":"just bought","info":"To use multiple values please add a separator ;. E.g: just bought;view"},{"type":"collection","id":"noti_product_collection","label":"Line 2: Random Product in Collection:","info":"If no category is selected, it will select randomly from all products"},{"type":"textarea","id":"sell_time","label":"Line 3: Random Number","default":"2","info":"To use multiple values please add a separator ;. E.g: 2;3;4;10"},{"type":"text","id":"sell_time_text","label":"Line 3: Random Text","default":"hours ago","info":"To use multiple values please add a separator ;. E.g: hours ago;days ago"},{"type":"color","id":"notify_background_color","label":"Background color","default":"#f5f5f5"},{"type":"header","content":"Visitor Count","info":"Only show on Product page. Template: 'Random Number of visitor' {Text Field}"},{"type":"checkbox","id":"enable_visitor_count","label":"Show Visitor Count","default":true},{"default":"bottom-right","id":"noti_position","label":"Popup Position","options":[{"label":"Bottom Left","value":"bottom-left"},{"label":"Bottom Right","value":"bottom-right"}],"type":"select"},{"type":"range","id":"visitor_count_hide","label":"Remove cookie every","min":10,"max":60,"step":5,"default":30,"unit":"s"},{"type":"text","id":"visitor_count_min","label":"Counter Min","default":"100"},{"type":"text","id":"visitor_count_max","label":"Counter Max","default":"1000"},{"type":"range","id":"visitor_count_percent","label":"Value range of counter after reload page (Percent * The previous value)","min":10,"max":90,"step":10,"default":20,"unit":"%"},{"type":"image_picker","id":"user_icon","label":"Image"},{"type":"text","id":"text_popup","label":"Text Field","default":"People are looking this product right now"},{"type":"header","content":"People in Cart","info":"People have the product in their carts right now"},{"type":"checkbox","id":"show_peple_in_cart","label":"Show People in Cart","default":true},{"type":"image","id":"in_cart.png","label":"Image"},{"type":"range","id":"in_cart_count_max","label":"Counter Max","min":5,"max":100,"step":1,"default":20},{"type":"text","id":"text_in_cart_1","label":"Text Field 01","default":"Other people want this."},{"type":"text","id":"text_in_cart_2","label":"Text Field 02","default":"people have this in their carts right now."},{"type":"header","content":"Discount Popup","info":"Only for product page"},{"type":"checkbox","id":"show_discount_popup","label":"Show discount popup","default":true},{"type":"image","id":"discount_popup.png","label":"Background image"},{"type":"text","id":"discount_popup_text_1","label":"Text 01","default":"Wait a second..."},{"type":"text","id":"discount_popup_text_2","label":"Text 02","default":"Don't you want discount off"}]},{"name":"Product Card","settings":[{"type":"checkbox","id":"use_quick_view","label":"Quick View Product","default":true},{"type":"checkbox","id":"show_product_vendor","label":"Product vendor on List mode view","default":true},{"type":"checkbox","id":"show_product_border_top","label":"Border top","default":true},{"type":"checkbox","id":"product_border_btn","label":"Border button","default":true,"info":"Wishlist, Compare, Countdown timer"},{"type":"checkbox","id":"hide_add_cart","label":"Hide Add to cart button"},{"type":"checkbox","id":"enable_title_balance","label":"Enable product's title balance","default":true},{"type":"header","content":"Product review"},{"type":"select","id":"product_review","label":"Position","options":[{"value":"above","label":"Above product price"},{"value":"below","label":"Below product price"},{"value":"none","label":"None"}],"default":"none"},{"type":"header","content":"Product image"},{"type":"select","id":"product_item_hover_effect","label":"Hover effect","options":[{"value":"none","label":"None"},{"value":"overlay","label":"Overlay"},{"value":"switch","label":"Switch image"}],"default":"none"},{"type":"select","id":"collections_product_ratio","label":"Aspect ratio","options":[{"value":"false","label":"Disabled"},{"value":"auto","label":"Auto detect ratio"},{"value":"100","label":"Square (1:1)"},{"value":"150","label":"Portrait (2:3)"},{"value":"75","label":"Landscape (4:3)"},{"value":"custom","label":"Custom Ratio"}],"default":"auto","info":"For best results [all product photos should be the same ratio](https:\/\/help.shopify.com\/manual\/productivity-tools\/image-editor#image-aspect-ratio)."},{"type":"image_picker","id":"grid_sample_ratio","label":"Image ratio custom"},{"type":"checkbox","id":"collection_product_auto_crop","label":"Auto crop image","default":true},{"type":"header","content":"Add To Cart Redirect"},{"type":"checkbox","id":"enable_redirect_checkout","label":"Redirect to Checkout on Add to Cart","default":false},{"type":"header","content":"Product Label","info":"Sale, New, Hot"},{"type":"checkbox","id":"round_product_label","label":"Round product label"},{"type":"checkbox","id":"flex_product_label","label":"Flex layout"},{"type":"header","content":"Sale Label","info":"Please make sure you config product's compare price to make this label visible [(?)](http:\/\/help.shopify.com\/manual\/products\/promoting-marketing\/sales)"},{"type":"select","id":"saleoff_label","label":"Sale Label","options":[{"value":"text","label":"Text"},{"value":"number","label":"Number"},{"value":"none","label":"None"}],"default":"text"},{"type":"header","content":"New Label","info":"Please add product's tag is 'Label New' to make this label visible"},{"type":"checkbox","id":"enable_new_label","label":"Enable New Label","default":true,"info":"You can change label's text by going to theme's Language > Product > Labels"},{"type":"header","content":"Hot Label","info":"Please add product's tag is 'Hot New' to make this label visible"},{"type":"checkbox","id":"enable_hot_label","label":"Enable Hot Label","default":true,"info":"You can change label's text by going to theme's Language > Product > Labels"}]},{"name":"Swatch Styles","settings":[{"type":"textarea","id":"swatch_button","label":"Button","placeholder":"Input product option name seperate by comma. E.g: Color, Size, ..."},{"type":"textarea","id":"swatch_color","label":"Color","placeholder":"Input product option name seperate by comma. E.g: Color, Size, ..."},{"type":"textarea","id":"swatch_image","label":"Variant Image","placeholder":"Input product option name seperate by comma. E.g: Color, Size, ..."},{"type":"header","content":"Color code"},{"type":"checkbox","id":"use_color_hexcode","label":"Use Color Code","default":true},{"type":"textarea","id":"color_config","label":"Color Hex Code","default":"red: #FF0000,pink: #FFC0CB,black: #000000,grey: ##808080,brown:#A52A2A,blue:#0000FF,gold:#FFD700,white:#FFFFFF,yellow:#FFFF00","info":"E.g: Red: #FF0000, Black: #000000, ..."},{"type":"header","content":"Swatch Shape"},{"type":"radio","id":"button_swatch_shape","label":"Button","options":[{"value":"circle","label":"Circle"},{"value":"square","label":"Square"}],"default":"circle"},{"type":"radio","id":"color_swatch_shape","label":"Color","options":[{"value":"circle","label":"Circle"},{"value":"square","label":"Square"}],"default":"circle"},{"type":"radio","id":"image_swatch_shape","label":"Variant Image","options":[{"value":"circle","label":"Circle"},{"value":"square","label":"Square"}],"default":"circle"},{"type":"header","content":"Swatch Size"},{"type":"range","id":"color_swatch_width","label":"Color width","min":20,"max":100,"step":5,"default":50,"unit":"px"},{"type":"range","id":"color_swatch_height","label":"Color height","min":20,"max":100,"step":5,"default":50,"unit":"px"},{"type":"range","id":"image_swatch_width","label":"Variant Image width","min":20,"max":100,"step":5,"default":50,"unit":"px"},{"type":"range","id":"image_swatch_height","label":"Variant Image height","min":20,"max":100,"step":5,"default":50,"unit":"px"}]},{"name":"Falling Snow Effect","settings":[{"type":"checkbox","id":"shopifytips_enable_effect","label":"Enable effect"},{"type":"text","id":"shopifytips_number_of_snowflakes","label":"Set the number of snowflakes","default":"30"},{"type":"text","id":"shopifytips_speed_of_sinking","label":"Set the speed of sinking (recommended values range from 0.3 to 2)","default":"0.8"},{"type":"text","id":"shopifytips_maximum_size_snowflakes","label":"Set the maximum-size of your snowflakes","default":"40"},{"type":"text","id":"shopifytips_minimal_size_snowflakes","label":"Set the minimal-size of your snowflakes","default":"8"}]}]