{"layout":"theme","sections":{"ecom-charity-christmas-gifts-page":{"type":"ecom-charity-christmas-gifts-page","disabled":true,"settings":{}},"franchise_slideshow_BLebF9":{"type":"franchise-slideshow","blocks":{"image_EHtgHd":{"type":"image","settings":{"image":"shopify:\/\/shop_images\/images_df55d7fd-9cd4-48c4-a938-047d064fb9aa.jpg","image_position":"center center","link":"","link_2":"","position":30,"horizontal_position":10,"alignment":"text-center","heading":"","subheading":"","caption":"","button_text":"","button_text_2":"","text_box_pad":65,"heading_bold":false,"subheading_bold":false,"caption_bold":false,"bg_color":"","heading_color":"#ffffff","subheading_color":"#ffffff","caption_color":"#ffffff","button_text_color":"#000000","button_text_bg_color":"#ffffff","heading_size":60,"subheading_size":48,"caption_size":30,"heading_animation":"fadeIn","subheading_animation":"fadeIn","caption_animation":"fadeIn","button_animation":"fadeIn","heading_animation_delay":0.2,"subheading_animation_delay":0.2,"caption_animation_delay":0.2,"button_animation_delay":0.2}},"image_rKfhhf":{"type":"image","settings":{"image_position":"center center","link":"","link_2":"","position":30,"horizontal_position":10,"alignment":"text-center","heading":"","subheading":"","caption":"","button_text":"","button_text_2":"","text_box_pad":65,"heading_bold":false,"subheading_bold":false,"caption_bold":false,"bg_color":"","heading_color":"#ffffff","subheading_color":"#ffffff","caption_color":"#ffffff","button_text_color":"#000000","button_text_bg_color":"#ffffff","heading_size":60,"subheading_size":48,"caption_size":30,"heading_animation":"fadeIn","subheading_animation":"fadeIn","caption_animation":"fadeIn","button_animation":"fadeIn","heading_animation_delay":0.2,"subheading_animation_delay":0.2,"caption_animation_delay":0.2,"button_animation_delay":0.2}}},"block_order":["image_EHtgHd","image_rKfhhf"],"settings":{"title":"Slideshow","hide_mobile":false,"layout":"boxed","slideshow_height":"auto-height","manually_height":400,"background":"#fff","autoplay":true,"autoplay_speed":6,"animation":"slide","navigator":true,"paging":false,"paging_position":"center-bottom","paging_style":"round","image_gallery_position":"overlay","image_gallery_border":true}}},"order":["ecom-charity-christmas-gifts-page","franchise_slideshow_BLebF9"]}